{"count":1,"self":66.5161408,"total":469.60594499999996,"children":{"InitializeActuators":{"count":12,"self":0.0009984,"total":0.0009984,"children":null},"InitializeSensors":{"count":12,"self":0.0010004999999999999,"total":0.0010004999999999999,"children":null},"AgentSendState":{"count":211117,"self":0.4366333,"total":2.7593131,"children":{"CollectObservations":{"count":506688,"self":0.5800042,"total":0.5800042,"children":null},"WriteActionMask":{"count":506688,"self":0.037114799999999996,"total":0.037114799999999996,"children":null},"RequestDecision":{"count":506688,"self":0.4160364,"total":1.7055608,"children":{"AgentInfo.ToProto":{"count":506688,"self":0.3936512,"total":1.2895244,"children":{"GenerateSensorData":{"count":506688,"self":0.89587319999999993,"total":0.89587319999999993,"children":null}}}}}}},"DecideAction":{"count":211117,"self":392.67947519999996,"total":392.6794643,"children":null},"AgentAct":{"count":211117,"self":7.6290368,"total":7.6480283999999994,"children":{"AgentInfo.ToProto":{"count":2490,"self":0.0020009999999999997,"total":0.018991499999999998,"children":{"GenerateSensorData":{"count":2490,"self":0.0169905,"total":0.0169905,"children":null}}}}}},"gauges":{"3DBall.CumulativeReward":{"count":2490,"max":100.099045,"min":0.100000165,"runningAverage":19.270277,"value":100.099045,"weightedAverage":100.049484}},"metadata":{"timer_format_version":"0.1.0","start_time_seconds":"1677214897","unity_version":"2021.3.11f1","command_line_arguments":"C:\\Program Files\\Unity 2021.3.11f1\\Editor\\Unity.exe -projectpath C:\\Users\\Dobby\\Documents\\GitHub\\ML-test\\ML-test -useHub -hubIPC -cloudEnvironment production","communication_protocol_version":"1.5.0","com.unity.ml-agents_version":"2.3.0-exp.3","scene_name":"3DBall","end_time_seconds":"1677215366"}}